emotion,weight
sadness,0.3233220186564569
surprise,0.21086896831249513
fear,0.19801841705336826
disgust,0.1013948379385658
anger,0.06112605301350689
joy,0.052791565169652416
neutral,0.052478139855954564
