emotion,weight
sadness,0.5561338437593318
fear,0.2369193546379327
surprise,0.11003199681671956
joy,0.05094516899331975
neutral,0.021369964261220706
disgust,0.014686016360802799
anger,0.009913655170672515
