emotion,weight
fear,0.3337695780990413
surprise,0.3298093197593317
sadness,0.2377973206470881
disgust,0.031261345799918704
anger,0.026246800767569127
neutral,0.02071649288240431
joy,0.020399142044646847
