emotion,weight
fear,0.32614984565975313
sadness,0.3239704928624633
surprise,0.26927254112655363
joy,0.03888605049948919
neutral,0.022834666658724842
disgust,0.011470181150041045
anger,0.007416222042974789
