emotion,weight
fear,0.33088921256801423
sadness,0.3064706140164785
surprise,0.2805980156439692
joy,0.04370308314859615
anticipation,0.013179321742538915
disgust,0.011443447200013428
anger,0.00722186629860447
trust,0.0064944393817850925
