emotion,weight
sadness,0.5784333655138215
fear,0.23576077749492783
surprise,0.09798448737671892
joy,0.04355280343745402
disgust,0.020113047715627046
neutral,0.015099555463172385
anger,0.009055962998278495
