emotion,weight
sadness,0.5520512729971516
fear,0.23891238401385387
surprise,0.11962404675401847
joy,0.044209108333518196
neutral,0.020005007644912334
disgust,0.016762490898807356
anger,0.008435689357738311
